{"global_step": 5013504, "_timestamp": 1754961180.6508098, "eval/mean_ep_length": 252.8000030517578, "eval/mean_reward": -261.2996520996094, "eval/success_rate": 0.0, "model/parameters": 5865051.0, "_runtime": 16963.045041799545, "_step": 402, "eval/best_seq_prediction_mse": 0.5260382890701294, "eval/seq_prediction_mse": 0.7908704280853271, "rollout/ep_len_mean": 342.1300048828125, "rollout/ep_rew_mean": -281.654541015625, "rollout/success_rate": 0.0, "time/fps": 355.0, "train/approx_kl": 0.001727771363221109, "train/clip_fraction": 0.1030426025390625, "train/clip_range": 0.10038527846336365, "train/clip_range_vf": 0.30000001192092896, "train/entropy_loss": -4.256815433502197, "train/explained_variance": 0.10730612277984619, "train/learning_rate": 5.366016011976171e-06, "train/loss": -0.07145742326974869, "train/policy_gradient_loss": 0.0012272557942196727, "train/std": 0.740818202495575, "train/value_loss": 0.04125300422310829, "_wandb": {"runtime": 16966}}