{"global_step":1020,"train/clip_range":0.1104,"model/parameters":806669,"train/clip_fraction":0,"train/explained_variance":0.07173687219619751,"train/learning_rate":1.4879999999999993e-05,"_timestamp":1.7533966161344965e+09,"_runtime":157.110873768,"_step":1024,"_wandb":{"runtime":157},"train/std":0.740818202495575,"train/n_updates":21,"train/policy_gradient_loss":0.0010578880707422893,"lstm_num_layers":2,"is_success":false,"train/loss":-0.030482668429613113,"TimeLimit.truncated":false,"train/value_loss":0.010977450602998337,"lstm_hidden_size":256,"train/entropy_loss":-4.256815433502197,"step":295}