{"_timestamp":1.753398159507695e+09,"train/value_loss":0.008761064438149333,"train/clip_range":0.10016000000000001,"train/std":0.740818202495575,"TimeLimit.truncated":false,"step":270,"train/policy_gradient_loss":-0.0019557153386995196,"is_success":false,"train/clip_fraction":0,"_runtime":1516.581917318,"model/parameters":806669,"train/loss":-0.040488939732313156,"lstm_num_layers":2,"train/learning_rate":5.152000000000008e-06,"train/explained_variance":0.046368539333343506,"train/entropy_loss":-4.256815433502197,"train/n_updates":3900,"_step":10112,"_wandb":{"runtime":1516},"global_step":10110,"lstm_hidden_size":256}