{"train/n_updates":48600,"step":282,"TimeLimit.truncated":false,"_timestamp":1.753410196040584e+09,"is_success":false,"model/parameters":806669,"train/entropy_loss":-4.256815433502197,"train/loss":-0.010516677051782608,"train/clip_range":0.10007840000000001,"global_step":1000240,"train/policy_gradient_loss":1.0165023203525278e-05,"train/value_loss":0.012931225323635671,"lstm_hidden_size":256,"_wandb":{"runtime":10363},"_runtime":10363.17721714,"train/std":0.740818202495575,"lstm_num_layers":2,"_step":1000244,"train/explained_variance":0.23267477750778198,"train/learning_rate":5.074480000000006e-06,"train/clip_fraction":0.005225694444444444}